RecordingId,TrackId,Frame,Distance,XVelocity,YVelocity,XAcceleration,YAcceleration,XCenter,YCenter
83,4,0,43.2162538456308,44.2351,-3.4165,0.4539,1.467,401.9079,-213.1897
83,4,1,43.2162538456308,44.2553,-3.3582,0.4534,1.4688,403.6754,-213.3252
83,4,2,43.2162538456308,44.2762,-3.2998,0.4521,1.4707,405.4442,-213.4585
83,4,3,43.2162538456308,44.2975,-3.2412,0.4495,1.4728,407.2145,-213.5896
83,4,4,43.2162538456308,44.319,-3.1824,0.4456,1.4749,408.9859,-213.7184
83,4,5,43.2162538456308,44.3406,-3.1233,0.4402,1.477,410.7584,-213.8449
