RecordingId,TrackId,Frame,Distance,XVelocity,YVelocity,XAcceleration,YAcceleration,XCenter,YCenter
83,5,0,43.2162538456308,43.7038,-5.5957,0.4935,1.5686,358.9013,-208.938
83,5,1,43.2162538456308,43.7257,-5.5334,0.4932,1.5705,360.6474,-209.1607
83,5,2,43.2162538456308,43.7483,-5.4709,0.4918,1.5726,362.3951,-209.381
83,5,3,43.2162538456308,43.7713,-5.4083,0.4891,1.5748,364.1442,-209.5987
83,5,4,43.2162538456308,43.7946,-5.3457,0.4851,1.5771,365.8944,-209.8137
83,5,5,43.2162538456308,43.818,-5.2829,0.4795,1.5796,367.646,-210.0262
